experiment,family,config,predicted_error,target,measured_error,measured_error_all_keys,answered,asap_latency_ms,prom_latency_ms,asap_peak_rss_mb,meets_target
alibaba_v2022_ms_cpu_by_msname_instant_recommended,cms,rows=3 cols=16384,0.020573849606818375,0.05,0.0012830390988093434,2.2210426168040818,20/20,628.7422180175781,3235.399007797241,316.6208,True
alibaba_v2022_ms_cpu_by_msname_instant_default,cms,default,,0.05,0.1995992177052795,257.7338964738049,20/20,619.9700832366943,3130.3480863571167,274.51392,False
alibaba_v2022_ms_cpu_by_msname_5m_recommended,cms,rows=3 cols=16384,0.021473512975033845,0.05,0.001300943674761616,2.1992003698696116,20/20,677.9897212982178,4349.95698928833,282.226688,True
alibaba_v2022_ms_cpu_by_msname_5m_default,cms,default,,0.05,0.19694224821114614,250.54328076568058,20/20,640.0543451309204,4493.685245513916,257.98656,False
google_2011_cpu_by_job_id_instant_recommended,cms,rows=3 cols=4096,0.04232304463607425,0.05,4.5252910014443425e-05,0.6798157955982075,20/20,124.03130531311035,1638.5921239852905,98.885632,True
google_2011_cpu_by_job_id_instant_default,cms,default,,0.05,0.003137059413584803,57.16644243494396,20/20,115.76724052429199,1847.3784923553467,78.856192,True
google_2011_cpu_by_job_id_5m_recommended,cms,rows=3 cols=4096,0.04301674918691996,0.05,4.902173506506417e-05,0.7003128433987799,20/20,99.68626499176025,3803.6561012268066,90.025984,True
google_2011_cpu_by_job_id_5m_default,cms,default,,0.05,0.0031331704745136144,57.60383734423756,20/20,91.85421466827393,4261.834502220154,73.785344,True
google_2011_cpu_p99_instant_recommended,kll,k=200,0.002039960011051183,0.01,0.0019473105773642474,,20/20,3.455996513366699,1860.2386713027954,44.056576,True
google_2011_cpu_p99_instant_default,kll,default,,0.01,0.015304367310790767,,20/20,3.654956817626953,1857.015609741211,43.003904,False
